종목 코드,캔들 기준 시각(UTC기준),캔들 기준 시각(KST기준),시가,고가,저가,종가,마지막 틱이 저장된 시각,누적 거래 금액,누적 거래량,전일 종가(UTC 0시 기준),전일 종가 대비 변화 금액,전일 종가 대비 변화량,전일 종가 대비 변화량의 절댓값,고가 대비 저가 백분율
KRW-BTC,2024-01-01,2024-01-01T09:00:00,57045000.0,58847000.0,57045000.0,58839000.0,1704153599562,182491217914.30185,3165.32092908,57047000.0,1792000.0,0.0314126948,3.14126948,3.1589096327460777
KRW-BTC,2024-01-02,2024-01-02T09:00:00,58839000.0,60997000.0,58814000.0,60206000.0,1704239999808,495038780463.7768,8221.19868374,58839000.0,1367000.0,0.0232328897,2.3232889699999997,3.7117012956098887
KRW-BTC,2024-01-03,2024-01-03T09:00:00,60205000.0,60799000.0,54346000.0,58581000.0,1704326399884,945841183535.25,16310.30692586,60206000.0,-1625000.0,-0.0269906654,2.69906654,11.87391896367718
KRW-BTC,2024-01-04,2024-01-04T09:00:00,58581000.0,60162000.0,57319000.0,59477000.0,1704412798132,366025648066.8456,6254.53768656,58581000.0,896000.0,0.0152950615,1.52950615,4.959960920462674
KRW-BTC,2024-01-05,2024-01-05T09:00:00,59477000.0,59695000.0,57577000.0,59351000.0,1704499198889,284352418527.13806,4822.3896766,59477000.0,-126000.0,-0.002118466,0.2118466,3.67855219966306
KRW-BTC,2024-01-06,2024-01-06T09:00:00,59351000.0,59518000.0,58651000.0,59329000.0,1704585599413,146681858163.83517,2482.6262327,59351000.0,-22000.0,-0.0003706761,0.03706761,1.478235665206049
KRW-BTC,2024-01-07,2024-01-07T09:00:00,59329000.0,59879000.0,58630000.0,59108000.0,1704671998330,195332894541.23972,3285.09256035,59329000.0,-221000.0,-0.0037249912,0.37249912,2.1303087156745693
KRW-BTC,2024-01-08,2024-01-08T09:00:00,59105000.0,63410000.0,57801000.0,63010000.0,1704758398513,677313414712.9883,11161.48689391,59108000.0,3902000.0,0.0660147527,6.60147527,9.703984360132178
KRW-BTC,2024-01-09,2024-01-09T09:00:00,63011000.0,64385000.0,60748000.0,62014000.0,1704844799141,617115004717.8223,9882.55128738,63010000.0,-996000.0,-0.0158070148,1.58070148,5.987028379535129
KRW-BTC,2024-01-10,2024-01-10T09:00:00,62001000.0,65000000.0,59730000.0,63621000.0,1704931200019,1023312951596.1451,16442.71360776,62014000.0,1607000.0,0.0259135034,2.59135034,8.82303699983258
KRW-BTC,2024-01-11,2024-01-11T09:00:00,63621000.0,66779000.0,62246000.0,63550000.0,1705017599125,923979801876.3722,14392.35118741,63621000.0,-71000.0,-0.0011159837,0.11159837000000002,7.282395655945764
KRW-BTC,2024-01-12,2024-01-12T09:00:00,63560000.0,63820000.0,58200000.0,59435000.0,1705103999704,705250093415.7546,11517.51602146,63550000.0,-4115000.0,-0.0647521637,6.47521637,9.65635738831615
KRW-BTC,2024-01-13,2024-01-13T09:00:00,59430000.0,59860000.0,58174000.0,58968000.0,1705190399909,326997534585.3025,5542.07595015,59435000.0,-467000.0,-0.0078573231,0.7857323100000001,2.8982019458864783
KRW-BTC,2024-01-14,2024-01-14T09:00:00,58968000.0,59254000.0,57312000.0,57391000.0,1705276799982,230963494089.2534,3950.54738176,58968000.0,-1577000.0,-0.0267433184,2.6743318400000002,3.3884701284198773
KRW-BTC,2024-01-15,2024-01-15T09:00:00,57380000.0,59340000.0,57332000.0,58354000.0,1705363198562,231794647049.94147,3967.32180816,57391000.0,963000.0,0.0167796344,1.67796344,3.5024070327216914
KRW-BTC,2024-01-16,2024-01-16T09:00:00,58416000.0,59577000.0,58169000.0,59196000.0,1705449599174,220847570069.63248,3748.9674189,58354000.0,842000.0,0.0144291737,1.44291737,2.4205332737368703
KRW-BTC,2024-01-17,2024-01-17T09:00:00,59218000.0,59300000.0,58269000.0,58776000.0,1705535999998,166684664128.92538,2837.33448993,59196000.0,-420000.0,-0.007095074,0.7095074,1.769379944739055
KRW-BTC,2024-01-18,2024-01-18T09:00:00,58776000.0,58900000.0,56754000.0,57284000.0,1705622398089,247274595060.6284,4268.88383965,58776000.0,-1492000.0,-0.0253845107,2.5384510700000003,3.781231278852592
KRW-BTC,2024-01-19,2024-01-19T09:00:00,57281000.0,58180000.0,55935000.0,57739000.0,1705708799879,319935326045.1161,5634.88177074,57284000.0,455000.0,0.0079428811,0.79428811,4.013587199427907
KRW-BTC,2024-01-20,2024-01-20T09:00:00,57738000.0,57796000.0,57242000.0,57517000.0,1705795199010,122466062930.22649,2127.46454183,57739000.0,-222000.0,-0.0038448882,0.38448882,0.9678208308584606
KRW-BTC,2024-01-21,2024-01-21T09:00:00,57550000.0,57942000.0,57350000.0,57387000.0,1705881598948,115423278977.731,2003.6715815,57517000.0,-130000.0,-0.0022602013,0.22602012999999999,1.032258064516129
KRW-BTC,2024-01-22,2024-01-22T09:00:00,57392000.0,57543000.0,54659000.0,54689000.0,1705968000017,354946267211.27905,6334.41138362,57387000.0,-2698000.0,-0.0470141321,4.70141321,5.276349731974606
KRW-BTC,2024-01-23,2024-01-23T09:00:00,54689000.0,55576000.0,53125000.0,55389000.0,1706054397936,417612365974.9237,7696.9657732,54689000.0,700000.0,0.0127996489,1.27996489,4.613647058823529
KRW-BTC,2024-01-24,2024-01-24T09:00:00,55389000.0,55850000.0,54446000.0,55200000.0,1706140799785,199193987331.73764,3615.04171313,55389000.0,-189000.0,-0.0034122299,0.34122299,2.5787018330088527
KRW-BTC,2024-01-25,2024-01-25T09:00:00,55200000.0,55586000.0,54760000.0,55101000.0,1706227199455,158151643849.23672,2868.41775244,55200000.0,-99000.0,-0.0017934783,0.17934782999999999,1.508400292184076
KRW-BTC,2024-01-26,2024-01-26T09:00:00,55101000.0,58146000.0,54957000.0,57503000.0,1706313599907,297208668227.302,5241.71188424,55101000.0,2402000.0,0.0435926753,4.35926753,5.802718489000491
KRW-BTC,2024-01-27,2024-01-27T09:00:00,57526000.0,58189000.0,57046000.0,58086000.0,1706399999879,127856613888.00935,2217.23585074,57503000.0,583000.0,0.0101386015,1.01386015,2.003646180275567
KRW-BTC,2024-01-28,2024-01-28T09:00:00,58084000.0,58880000.0,57400000.0,57855000.0,1706486398346,163353578683.5286,2804.05316336,58086000.0,-231000.0,-0.0039768619,0.39768619,2.578397212543554
KRW-BTC,2024-01-29,2024-01-29T09:00:00,57855000.0,59210000.0,57561000.0,59101000.0,1706572799468,198470118247.67715,3400.58213496,57855000.0,1246000.0,0.0215366001,2.1536600100000003,2.864786921700457
KRW-BTC,2024-01-30,2024-01-30T09:00:00,59129000.0,59863000.0,58600000.0,58965000.0,1706659199786,243788049861.6119,4111.4027948,59101000.0,-136000.0,-0.0023011455,0.23011454999999997,2.1552901023890785
KRW-BTC,2024-01-31,2024-01-31T09:00:00,58966000.0,59848000.0,58221000.0,58738000.0,1706745599630,198864403810.88028,3372.05512523,58965000.0,-227000.0,-0.0038497414,0.38497414,2.7945243125332784
KRW-BTC,2024-02-01,2024-02-01T09:00:00,58730000.0,59302000.0,57804000.0,59150000.0,1706831999375,161060109648.93842,2757.18048169,58738000.0,412000.0,0.0070141986,0.70141986,2.5915161580513457
KRW-BTC,2024-02-02,2024-02-02T09:00:00,59150000.0,59531000.0,58551000.0,59299000.0,1706918399728,134728620635.56172,2278.87315759,59150000.0,149000.0,0.0025190194,0.25190194,1.673754504619904
KRW-BTC,2024-02-03,2024-02-03T09:00:00,59295000.0,59485000.0,59120000.0,59260000.0,1707004799547,69320649322.95328,1168.38699158,59299000.0,-39000.0,-0.0006576839,0.06576839000000001,0.6173883626522327
KRW-BTC,2024-02-04,2024-02-04T09:00:00,59262000.0,59324000.0,58633000.0,58811000.0,1707091198685,75191501973.40013,1272.47453255,59260000.0,-449000.0,-0.0075767803,0.75767803,1.1785172172667269
KRW-BTC,2024-02-05,2024-02-05T09:00:00,58814000.0,59800000.0,58311000.0,58882000.0,1707177599925,165309802322.86816,2801.14722486,58811000.0,71000.0,0.0012072571,0.12072571,2.553549073073691
KRW-BTC,2024-02-06,2024-02-06T09:00:00,58882000.0,59400000.0,58650000.0,59039000.0,1707263999584,121948276958.82838,2068.07481117,58882000.0,157000.0,0.0026663496,0.26663496,1.278772378516624
KRW-BTC,2024-02-07,2024-02-07T09:00:00,59020000.0,60373000.0,58745000.0,60232000.0,1707350399515,238381737380.20325,4016.91251278,59039000.0,1193000.0,0.0202069818,2.02069818,2.771299685079581
KRW-BTC,2024-02-08,2024-02-08T09:00:00,60242000.0,62200000.0,60232000.0,62011000.0,1707436799151,269421771730.8881,4403.57321568,60232000.0,1779000.0,0.0295357949,2.95357949,3.267366184088192
KRW-BTC,2024-02-09,2024-02-09T09:00:00,62011000.0,64955000.0,61717000.0,63682000.0,1707523199558,512755906366.25,8059.0341961,62011000.0,1671000.0,0.026946832,2.6946832,5.246528509162792
KRW-BTC,2024-02-10,2024-02-10T09:00:00,63682000.0,64890000.0,63062000.0,64549000.0,1707609597911,225319150684.7367,3520.61476764,63682000.0,867000.0,0.0136145222,1.3614522199999999,2.898734578668612
KRW-BTC,2024-02-11,2024-02-11T09:00:00,64549000.0,65500000.0,64256000.0,65230000.0,1707695999730,238873276592.43555,3675.68043315,64549000.0,681000.0,0.0105501247,1.05501247,1.9360059760956172
KRW-BTC,2024-02-12,2024-02-12T09:00:00,65231000.0,67444000.0,64887000.0,67002000.0,1707782399850,441592898902.0397,6674.5189116,65230000.0,1772000.0,0.0271654147,2.71654147,3.940696903848228
KRW-BTC,2024-02-13,2024-02-13T09:00:00,67002000.0,67698000.0,65800000.0,67309000.0,1707868799573,452457508733.7282,6757.73223342,67002000.0,307000.0,0.0045819528,0.45819528,2.884498480243161
KRW-BTC,2024-02-14,2024-02-14T09:00:00,67309000.0,70300000.0,66800000.0,70199000.0,1707955199579,555788800123.2118,8040.24948851,67309000.0,2890000.0,0.0429363087,4.29363087,5.239520958083832
KRW-BTC,2024-02-15,2024-02-15T09:00:00,70195000.0,72216000.0,70190000.0,71253000.0,1708041599673,596093200995.1085,8360.6265065,70199000.0,1054000.0,0.0150144589,1.5014458899999998,2.8864510614047587
KRW-BTC,2024-02-16,2024-02-16T09:00:00,71253000.0,72500000.0,70782000.0,72128000.0,1708127999943,351583502414.54065,4895.5305616,71253000.0,875000.0,0.0122801847,1.22801847,2.427170749625611
KRW-BTC,2024-02-17,2024-02-17T09:00:00,72134000.0,72267000.0,69595000.0,71530000.0,1708214399239,443405034028.45605,6239.93681452,72128000.0,-598000.0,-0.0082908163,0.82908163,3.839356275594511
KRW-BTC,2024-02-18,2024-02-18T09:00:00,71500000.0,72158000.0,70669000.0,71964000.0,1708300799976,258754010038.3827,3622.39704322,71530000.0,434000.0,0.0060673843,0.60673843,2.10700590074856
KRW-BTC,2024-02-19,2024-02-19T09:00:00,71968000.0,72412000.0,71728000.0,71755000.0,1708387199837,258718607451.79404,3590.53994514,71964000.0,-209000.0,-0.0029042299,0.29042299,0.9536024983270132
KRW-BTC,2024-02-20,2024-02-20T09:00:00,71755000.0,73100000.0,71010000.0,72191000.0,1708473600018,374956852709.3012,5210.9537578,71755000.0,436000.0,0.0060762316,0.6076231599999999,2.9432474299394453
KRW-BTC,2024-02-21,2024-02-21T09:00:00,72160000.0,72465000.0,71100000.0,72397000.0,1708559999090,271810716263.9445,3784.15692927,72191000.0,206000.0,0.0028535413,0.28535413,1.919831223628692
KRW-BTC,2024-02-22,2024-02-22T09:00:00,72397000.0,72399000.0,71458000.0,71601000.0,1708646398414,212441719114.15668,2956.43290437,72397000.0,-796000.0,-0.0109949307,1.09949307,1.3168574547286518
KRW-BTC,2024-02-23,2024-02-23T09:00:00,71600000.0,71835000.0,70657000.0,70805000.0,1708732799789,209597391438.7119,2937.89362228,71601000.0,-796000.0,-0.0111171632,1.11171632,1.6672091937104605
KRW-BTC,2024-02-24,2024-02-24T09:00:00,70804000.0,71467000.0,70542000.0,71107000.0,1708819199859,196504422512.8034,2768.92244263,70805000.0,302000.0,0.0042652355,0.42652355,1.311275552153327
KRW-BTC,2024-02-25,2024-02-25T09:00:00,71107000.0,71595000.0,70907000.0,71256000.0,1708905599955,132976936582.42848,1867.42810931,71107000.0,149000.0,0.0020954336,0.20954336,0.9702850212249848
KRW-BTC,2024-02-26,2024-02-26T09:00:00,71254000.0,75000000.0,70000000.0,74742000.0,1708991999968,445753506046.4029,6152.52849944,71256000.0,3486000.0,0.048922196,4.8922196,7.142857142857143
KRW-BTC,2024-02-27,2024-02-27T09:00:00,74741000.0,79183000.0,74554000.0,78619000.0,1709078399748,789427020915.4601,10168.66847875,74742000.0,3877000.0,0.0518717722,5.18717722,6.208922391823377
KRW-BTC,2024-02-28,2024-02-28T09:00:00,78621000.0,88424000.0,78082000.0,87634000.0,1709164799992,1605842409329.8965,19254.09747335,78619000.0,9015000.0,0.114666938,11.4666938,13.24505007556159
KRW-BTC,2024-02-29,2024-02-29T09:00:00,87695000.0,90000000.0,85244000.0,85910000.0,1709251199980,1247891807737.9043,14269.12684354,87634000.0,-1724000.0,-0.0196727298,1.96727298,5.579278306977617
KRW-BTC,2024-03-01,2024-03-01T09:00:00,85911000.0,88500000.0,85910000.0,87397000.0,1709337599330,545793423395.0005,6256.97193595,85910000.0,1487000.0,0.0173088115,1.73088115,3.014782912350134
KRW-BTC,2024-03-02,2024-03-02T09:00:00,87397000.0,87724000.0,86090000.0,86383000.0,1709423999965,475836197640.3118,5481.66253212,87397000.0,-1014000.0,-0.0116022289,1.16022289,1.8980137065861309
KRW-BTC,2024-03-03,2024-03-03T09:00:00,86382000.0,87993000.0,85000000.0,87982000.0,1709510399983,520339172689.89,6017.57168637,86383000.0,1599000.0,0.0185105866,1.85105866,3.521176470588235
KRW-BTC,2024-03-04,2024-03-04T09:00:00,87978000.0,95586000.0,87302000.0,95500000.0,1709596799974,1211101233989.3242,13254.11820787,87982000.0,7518000.0,0.0854492964,8.54492964,9.488900597924449
KRW-BTC,2024-03-05,2024-03-05T09:00:00,95500000.0,97000000.0,88024000.0,91275000.0,1709683199904,2068791243827.417,22134.5823534,95500000.0,-4225000.0,-0.0442408377,4.42408377,10.197218940289012
KRW-BTC,2024-03-06,2024-03-06T09:00:00,91284000.0,94917000.0,88233000.0,93325000.0,1709769599833,1132969096241.1963,12290.20386486,91275000.0,2050000.0,0.0224596001,2.24596001,7.575396960320968
KRW-BTC,2024-03-07,2024-03-07T09:00:00,93325000.0,95678000.0,92670000.0,94060000.0,1709855999784,544938284330.71326,5792.49252841,93325000.0,735000.0,0.0078757032,0.78757032,3.245926405524981
KRW-BTC,2024-03-08,2024-03-08T09:00:00,94044000.0,98543000.0,94000000.0,96237000.0,1709942399814,835209405680.1185,8721.93321965,94060000.0,2177000.0,0.0231448012,2.31448012,4.832978723404255
KRW-BTC,2024-03-09,2024-03-09T09:00:00,96237000.0,96420000.0,95120000.0,95946000.0,1710028799787,378536088958.2131,3946.68168858,96237000.0,-291000.0,-0.003023785,0.3023785,1.366694701429773
KRW-BTC,2024-03-10,2024-03-10T09:00:00,95946000.0,98445000.0,95904000.0,97495000.0,1710115199995,584591822773.3928,5997.98580277,95946000.0,1549000.0,0.0161444979,1.6144497899999999,2.6495245245245247
KRW-BTC,2024-03-11,2024-03-11T09:00:00,97501000.0,101940000.0,95132000.0,100404000.0,1710201600019,1394027929273.16,14017.56814882,97495000.0,2909000.0,0.0298374276,2.98374276,7.156372198629273
KRW-BTC,2024-03-12,2024-03-12T09:00:00,100404000.0,102350000.0,99000000.0,101200000.0,1710287999033,840639249935.1646,8326.93269496,100404000.0,796000.0,0.007927971,0.7927971,3.383838383838384
KRW-BTC,2024-03-13,2024-03-13T09:00:00,101200000.0,104865000.0,100909000.0,104122000.0,1710374399840,796117209603.253,7708.11925332,101200000.0,2922000.0,0.0288735178,2.8873517800000004,3.9203638922197226
KRW-BTC,2024-03-14,2024-03-14T09:00:00,104121000.0,105000000.0,100000000.0,102506000.0,1710460799866,1082636743178.8176,10526.11243481,104122000.0,-1616000.0,-0.0155202551,1.55202551,5.0
KRW-BTC,2024-03-15,2024-03-15T09:00:00,102506000.0,104131000.0,95600000.0,101000000.0,1710547200008,1768528691395.1565,17862.96961701,102506000.0,-1506000.0,-0.0146918229,1.46918229,8.923640167364017
KRW-BTC,2024-03-16,2024-03-16T09:00:00,101010000.0,102407000.0,95700000.0,96767000.0,1710633599783,773300912136.6715,7805.49537673,101000000.0,-4233000.0,-0.0419108911,4.19108911,7.008359456635319
KRW-BTC,2024-03-17,2024-03-17T09:00:00,96769000.0,100299000.0,94300000.0,99922000.0,1710719999237,1018011483571.2372,10512.20194197,96767000.0,3155000.0,0.0326040902,3.26040902,6.361611876988335
KRW-BTC,2024-03-18,2024-03-18T09:00:00,99934000.0,100233000.0,97623000.0,99040000.0,1710806398973,601364533012.1357,6061.17057346,99922000.0,-882000.0,-0.008826885,0.8826885,2.6735502904028765
KRW-BTC,2024-03-19,2024-03-19T09:00:00,99042000.0,99700000.0,92027000.0,92572000.0,1710892799534,1333253975751.9326,14040.62247096,99040000.0,-6468000.0,-0.0653069467,6.530694669999999,8.337770436936985
KRW-BTC,2024-03-20,2024-03-20T09:00:00,92541000.0,100216000.0,89845000.0,99726000.0,1710979199913,1336501266984.0964,14156.97655657,92572000.0,7154000.0,0.0772803872,7.72803872,11.543213311814792
KRW-BTC,2024-03-21,2024-03-21T09:00:00,99726000.0,99801000.0,95000000.0,95552000.0,1711065599950,724759488812.2096,7441.53702699,99726000.0,-4174000.0,-0.0418546818,4.18546818,5.053684210526316
KRW-BTC,2024-03-22,2024-03-22T09:00:00,95618000.0,96500000.0,92222000.0,93855000.0,1711151999470,625975200849.2533,6646.70819911,95552000.0,-1697000.0,-0.0177599632,1.77599632,4.638806358569539
KRW-BTC,2024-03-23,2024-03-23T09:00:00,93850000.0,95609000.0,92593000.0,93274000.0,1711238399954,344921898105.8299,3672.55444643,93855000.0,-581000.0,-0.0061904001,0.61904001,3.2572656680310605
KRW-BTC,2024-03-24,2024-03-24T09:00:00,93317000.0,97252000.0,93079000.0,96624000.0,1711324799952,369010924364.2194,3888.32456609,93274000.0,3350000.0,0.0359156893,3.5915689299999998,4.483288389432633
KRW-BTC,2024-03-25,2024-03-25T09:00:00,96624000.0,100500000.0,95600000.0,99202000.0,1711411199997,736915127805.8601,7510.92358508,96624000.0,2578000.0,0.0266807418,2.66807418,5.125523012552302
KRW-BTC,2024-03-26,2024-03-26T09:00:00,99202000.0,100800000.0,98830000.0,100051000.0,1711497599735,518625422690.3721,5187.8255505,99202000.0,849000.0,0.0085582952,0.85582952,1.9933218658302132
KRW-BTC,2024-03-27,2024-03-27T09:00:00,100051000.0,101900000.0,98700000.0,99890000.0,1711584000021,687535364829.5654,6873.29706874,100051000.0,-161000.0,-0.0016091793,0.16091793,3.2421479229989867
KRW-BTC,2024-03-28,2024-03-28T09:00:00,99890000.0,101725000.0,99251000.0,100900000.0,1711670399952,535926456305.1864,5332.23099753,99890000.0,1010000.0,0.0101111222,1.01111222,2.492670099041823
KRW-BTC,2024-03-29,2024-03-29T09:00:00,100900000.0,101100000.0,99210000.0,99801000.0,1711756798060,435401166585.58826,4351.27001019,100900000.0,-1099000.0,-0.0108919722,1.08919722,1.9050498941638947
KRW-BTC,2024-03-30,2024-03-30T09:00:00,99876000.0,100317000.0,99455000.0,99985000.0,1711843199744,196155308244.6124,1962.11149493,99801000.0,184000.0,0.0018436689,0.18436689,0.8667236438590318
KRW-BTC,2024-03-31,2024-03-31T09:00:00,99985000.0,101133000.0,99930000.0,100970000.0,1711929599865,212087515001.09903,2112.03397974,99985000.0,985000.0,0.0098514777,0.98514777,1.203842689882918
KRW-BTC,2024-04-01,2024-04-01T09:00:00,100991000.0,101098000.0,98658000.0,100100000.0,1712015999832,472761515355.0921,4739.72230488,100970000.0,-870000.0,-0.0086164207,0.86164207,2.4731902126538143
KRW-BTC,2024-04-02,2024-04-02T09:00:00,100100000.0,100100000.0,95000000.0,96053000.0,1712102399920,780975960649.7177,8066.15019928,100100000.0,-4047000.0,-0.0404295704,4.04295704,5.368421052631579
KRW-BTC,2024-04-03,2024-04-03T09:00:00,96053000.0,97300000.0,94682000.0,96502000.0,1712188799751,411426554028.0002,4274.27113577,96053000.0,449000.0,0.0046745026,0.46745026,2.765045098329144
KRW-BTC,2024-04-04,2024-04-04T09:00:00,96502000.0,99912000.0,95598000.0,99361000.0,1712275199918,427159595437.90393,4377.11634387,96502000.0,2859000.0,0.029626329,2.9626329,4.512646708090127
KRW-BTC,2024-04-05,2024-04-05T09:00:00,99445000.0,99669000.0,96800000.0,98394000.0,1712361599458,346785702174.4224,3533.18774879,99361000.0,-967000.0,-0.0097321887,0.97321887,2.963842975206612
KRW-BTC,2024-04-06,2024-04-06T09:00:00,98385000.0,99888000.0,97745000.0,99023000.0,1712447999694,185840192041.3556,1885.55868844,98394000.0,629000.0,0.0063926662,0.63926662,2.192439510972428
KRW-BTC,2024-04-07,2024-04-07T09:00:00,99000000.0,100450000.0,98976000.0,99369000.0,1712534400030,212381001693.2222,2132.30263827,99023000.0,346000.0,0.0034941377,0.34941376999999996,1.4892499191723243
KRW-BTC,2024-04-08,2024-04-08T09:00:00,99369000.0,103084000.0,99100000.0,102101000.0,1712620799360,571091810718.5997,5621.6941615,99369000.0,2732000.0,0.0274934839,2.74934839,4.020181634712412
KRW-BTC,2024-04-09,2024-04-09T09:00:00,102050000.0,102399000.0,98400000.0,99350000.0,1712707199959,478845250480.8743,4778.27379895,102101000.0,-2751000.0,-0.0269439085,2.69439085,4.064024390243903
KRW-BTC,2024-04-10,2024-04-10T09:00:00,99409000.0,101750000.0,97614000.0,100600000.0,1712793599950,427447865181.8295,4307.83087037,99350000.0,1250000.0,0.0125817816,1.25817816,4.237097137705657
KRW-BTC,2024-04-11,2024-04-11T09:00:00,100601000.0,101452000.0,100031000.0,100541000.0,1712879999966,304817123210.9132,3026.45443123,100600000.0,-59000.0,-0.0005864811,0.058648109999999996,1.42055962651578
KRW-BTC,2024-04-12,2024-04-12T09:00:00,100542000.0,101426000.0,98985000.0,99776000.0,1712966400019,501138671632.2897,5005.55856794,100541000.0,-765000.0,-0.0076088362,0.76088362,2.466030206596959
KRW-BTC,2024-04-13,2024-04-13T09:00:00,99645000.0,100569000.0,95000000.0,97149000.0,1713052800018,935752426506.932,9545.1942808,99776000.0,-2627000.0,-0.0263289769,2.63289769,5.862105263157895
KRW-BTC,2024-04-14,2024-04-14T09:00:00,97092000.0,99180000.0,95224000.0,98905000.0,1713139200015,640496163193.9851,6601.79791673,97149000.0,1756000.0,0.0180753276,1.80753276,4.154414853398303
KRW-BTC,2024-04-15,2024-04-15T09:00:00,98931000.0,99490000.0,95702000.0,96527000.0,1713225599905,572334441333.4099,5860.57730753,98905000.0,-2378000.0,-0.0240432738,2.4043273800000002,3.958119997492216
KRW-BTC,2024-04-16,2024-04-16T09:00:00,96530000.0,96941000.0,93500000.0,95597000.0,1713311999393,575142167083.7314,6058.36670549,96527000.0,-930000.0,-0.00963461,0.963461,3.680213903743316
KRW-BTC,2024-04-17,2024-04-17T09:00:00,95597000.0,96500000.0,90200000.0,91419000.0,1713398398644,660323082104.5907,7117.39044578,95597000.0,-4178000.0,-0.0437043003,4.37043003,6.984478935698448
KRW-BTC,2024-04-18,2024-04-18T09:00:00,91439000.0,94200000.0,90000000.0,93356000.0,1713484799622,533379890524.8668,5793.82700325,91419000.0,1937000.0,0.0211881556,2.1188155600000003,4.666666666666667
KRW-BTC,2024-04-19,2024-04-19T09:00:00,93392000.0,95958000.0,88500000.0,93390000.0,1713571199572,826226752319.6167,8931.11165293,93356000.0,34000.0,0.0003641973,0.036419730000000004,8.427118644067797
KRW-BTC,2024-04-20,2024-04-20T09:00:00,93390000.0,95600000.0,92615000.0,94805000.0,1713657599997,250942877130.00293,2666.36468567,93390000.0,1415000.0,0.0151515152,1.51515152,3.223020029152945
KRW-BTC,2024-04-21,2024-04-21T09:00:00,94840000.0,95989000.0,94312000.0,94868000.0,1713743999606,225327547192.1524,2369.21252418,94805000.0,63000.0,0.0006645219,0.06645219000000001,1.7781406395792687
KRW-BTC,2024-04-22,2024-04-22T09:00:00,94911000.0,97627000.0,94622000.0,97192000.0,1713830398685,309448245996.401,3221.84889236,94868000.0,2324000.0,0.0244971961,2.44971961,3.1757942127623595
KRW-BTC,2024-04-23,2024-04-23T09:00:00,97239000.0,97592000.0,95246000.0,96045000.0,1713916799971,305907337794.1537,3179.44418004,97192000.0,-1147000.0,-0.0118013828,1.18013828,2.4630955630682654
KRW-BTC,2024-04-24,2024-04-24T09:00:00,96071000.0,96627000.0,92734000.0,93534000.0,1714003199802,340438754437.031,3593.11116027,96045000.0,-2511000.0,-0.026143995,2.6143994999999998,4.198028770461751
KRW-BTC,2024-04-25,2024-04-25T09:00:00,93518000.0,94319000.0,91213000.0,92745000.0,1714089599617,348460853187.8564,3762.56315286,93534000.0,-789000.0,-0.0084354352,0.8435435200000001,3.4052163617028275
KRW-BTC,2024-04-26,2024-04-26T09:00:00,92761000.0,93000000.0,91465000.0,91951000.0,1714175996427,186024518912.6332,2016.93752002,92745000.0,-794000.0,-0.0085611084,0.8561108399999999,1.6782375772153282
KRW-BTC,2024-04-27,2024-04-27T09:00:00,91955000.0,92175000.0,90292000.0,91499000.0,1714262399513,223315339244.9676,2455.80711714,91951000.0,-452000.0,-0.0049156616,0.49156616000000003,2.085456075842821
KRW-BTC,2024-04-28,2024-04-28T09:00:00,91499000.0,92630000.0,90153000.0,90530000.0,1714348799881,169995089305.7691,1861.37990104,91499000.0,-969000.0,-0.0105902797,1.05902797,2.747551384867947
KRW-BTC,2024-04-29,2024-04-29T09:00:00,90533000.0,92000000.0,88500000.0,91400000.0,1714435199517,417019267508.9052,4650.34162208,90530000.0,870000.0,0.009610074,0.9610074,3.9548022598870056
KRW-BTC,2024-04-30,2024-04-30T09:00:00,91400000.0,92540000.0,85606000.0,87137000.0,1714521599624,647143762714.2603,7328.91773497,91400000.0,-4263000.0,-0.0466411379,4.66411379,8.099899539751886
KRW-BTC,2024-05-01,2024-05-01T09:00:00,87152000.0,87625000.0,80005000.0,83499000.0,1714607999219,1247874579269.3682,15078.237548,87137000.0,-3638000.0,-0.0417503472,4.17503472,9.524404724704706
KRW-BTC,2024-05-02,2024-05-02T09:00:00,83499000.0,84000000.0,80601000.0,83078000.0,1714694399653,462472415374.8892,5609.70236742,83499000.0,-421000.0,-0.0050419766,0.50419766,4.217069267130681
KRW-BTC,2024-05-03,2024-05-03T09:00:00,83096000.0,89821000.0,82807000.0,89291000.0,1714780799814,693338249542.2839,8040.2538403,83078000.0,6213000.0,0.0747851417,7.47851417,8.470298404724238
KRW-BTC,2024-05-04,2024-05-04T09:00:00,89291000.0,91123000.0,87910000.0,90303000.0,1714867199705,377188650331.0702,4208.08896117,89291000.0,1012000.0,0.011333729,1.1333729000000001,3.654874303264703
KRW-BTC,2024-05-05,2024-05-05T09:00:00,90303000.0,90759000.0,88331000.0,90061000.0,1714953599708,228798229172.96237,2550.73818403,90303000.0,-242000.0,-0.0026798667,0.26798667000000004,2.748751853822554
KRW-BTC,2024-05-06,2024-05-06T09:00:00,90100000.0,91681000.0,88500000.0,88804000.0,1715039999691,359037836997.4739,3986.16458238,90061000.0,-1257000.0,-0.0139572068,1.39572068,3.5943502824858755
KRW-BTC,2024-05-07,2024-05-07T09:00:00,88780000.0,90157000.0,87500000.0,87595000.0,1715126399929,259678493158.40872,2916.803769,88804000.0,-1209000.0,-0.0136142516,1.36142516,3.0365714285714285
KRW-BTC,2024-05-08,2024-05-08T09:00:00,87595000.0,88566000.0,85109000.0,85872000.0,1715212799564,332700514292.9092,3819.52775807,87595000.0,-1723000.0,-0.0196700725,1.96700725,4.061850098109483
KRW-BTC,2024-05-09,2024-05-09T09:00:00,85872000.0,88500000.0,85020000.0,88116000.0,1715299198155,267645945872.65704,3096.80934359,85872000.0,2244000.0,0.0261319173,2.61319173,4.093154551870148
KRW-BTC,2024-05-10,2024-05-10T09:00:00,88116000.0,88480000.0,85120000.0,85842000.0,1715385599756,284534708229.2591,3277.85722892,88116000.0,-2274000.0,-0.0258068909,2.58068909,3.947368421052632
KRW-BTC,2024-05-11,2024-05-11T09:00:00,85842000.0,86500000.0,85209000.0,85791000.0,1715471999172,111471508154.94109,1299.78149293,85842000.0,-51000.0,-0.0005941148,0.05941148,1.515098170381063
KRW-BTC,2024-05-12,2024-05-12T09:00:00,85791000.0,86978000.0,85618000.0,86521000.0,1715558399469,89929598339.25037,1042.82371152,85791000.0,730000.0,0.0085090511,0.85090511,1.588451026653274
KRW-BTC,2024-05-13,2024-05-13T09:00:00,86521000.0,88485000.0,85410000.0,87928000.0,1715644798957,269283280046.10648,3085.90700562,86521000.0,1407000.0,0.016261948,1.6261948,3.6002809975412715
KRW-BTC,2024-05-14,2024-05-14T09:00:00,87934000.0,88225000.0,85801000.0,86500000.0,1715731199825,239136551619.17407,2756.81157854,87928000.0,-1428000.0,-0.0162405605,1.62405605,2.825141898113076
KRW-BTC,2024-05-15,2024-05-15T09:00:00,86500000.0,92444000.0,86200000.0,92111000.0,1715817599730,473734749005.6969,5272.78652607,86500000.0,5611000.0,0.064867052,6.486705199999999,7.243619489559165
KRW-BTC,2024-05-16,2024-05-16T09:00:00,92111000.0,92860000.0,90250000.0,90800000.0,1715903998819,334699904978.9204,3657.22884649,92111000.0,-1311000.0,-0.0142328278,1.42328278,2.89196675900277
KRW-BTC,2024-05-17,2024-05-17T09:00:00,90839000.0,93123000.0,90700000.0,92646000.0,1715990399982,249519198606.6008,2713.8193315,90800000.0,1846000.0,0.0203303965,2.03303965,2.671444321940463
KRW-BTC,2024-05-18,2024-05-18T09:00:00,92632000.0,93500000.0,92337000.0,93066000.0,1716076797295,169295118960.64792,1821.32715047,92646000.0,420000.0,0.0045333851,0.45333851,1.2595167700921623
KRW-BTC,2024-05-19,2024-05-19T09:00:00,93066000.0,93990000.0,91843000.0,92185000.0,1716163199346,217037553806.18616,2335.84848532,93066000.0,-881000.0,-0.0094664002,0.94664002,2.3376849623814557
KRW-BTC,2024-05-20,2024-05-20T09:00:00,92185000.0,97264000.0,91931000.0,97260000.0,1716249600031,416886189056.5984,4413.1861654,92185000.0,5075000.0,0.0550523404,5.5052340399999995,5.801089947895704
KRW-BTC,2024-05-21,2024-05-21T09:00:00,97260000.0,98150000.0,95571000.0,96700000.0,1716335999837,447572373508.3656,4609.75650446,97260000.0,-560000.0,-0.0057577627,0.57577627,2.698517332663674
KRW-BTC,2024-05-22,2024-05-22T09:00:00,96717000.0,96999000.0,94640000.0,95421000.0,1716422399124,268537986813.09387,2799.80156982,96700000.0,-1279000.0,-0.0132264736,1.32264736,2.492603550295858
KRW-BTC,2024-05-23,2024-05-23T09:00:00,95421000.0,96881000.0,93000000.0,94900000.0,1716508799539,417507248596.06085,4396.1343619,95421000.0,-521000.0,-0.005460014,0.5460014,4.173118279569892
KRW-BTC,2024-05-24,2024-05-24T09:00:00,94897000.0,96160000.0,93300000.0,95214000.0,1716595199932,235509732034.2646,2489.94183313,94900000.0,314000.0,0.003308746,0.3308746,3.065380493033226
KRW-BTC,2024-05-25,2024-05-25T09:00:00,95214000.0,96598000.0,95192000.0,96240000.0,1716681599931,139437862033.11826,1452.89641348,95214000.0,1026000.0,0.0107757263,1.07757263,1.4770148751995966
KRW-BTC,2024-05-26,2024-05-26T09:00:00,96240000.0,96590000.0,95400000.0,95610000.0,1716767999816,152194945654.3936,1583.87158304,96240000.0,-630000.0,-0.0065461347,0.65461347,1.2473794549266248
KRW-BTC,2024-05-27,2024-05-27T09:00:00,95634000.0,97360000.0,95050000.0,96050000.0,1716854399974,256303977047.8687,2667.48347563,95610000.0,440000.0,0.0046020291,0.46020291,2.430299842188322
KRW-BTC,2024-05-28,2024-05-28T09:00:00,96050000.0,96119000.0,93654000.0,94600000.0,1716940799951,300604135784.2556,3176.96320333,96050000.0,-1450000.0,-0.015096304,1.5096304,2.6320285305486157
KRW-BTC,2024-05-29,2024-05-29T09:00:00,94654000.0,95232000.0,93440000.0,93910000.0,1717027199558,233226273178.99045,2475.18788783,94600000.0,-690000.0,-0.0072938689,0.72938689,1.917808219178082
KRW-BTC,2024-05-30,2024-05-30T09:00:00,93910000.0,96120000.0,93620000.0,94943000.0,1717113599972,255996014541.8591,2703.78621192,93910000.0,1033000.0,0.0109998935,1.09998935,2.6703695791497544
KRW-BTC,2024-05-31,2024-05-31T09:00:00,95005000.0,96000000.0,93700000.0,94505000.0,1717199999924,209050615252.5121,2203.22332533,94943000.0,-438000.0,-0.0046132943,0.46132943,2.454642475987193
KRW-BTC,2024-06-01,2024-06-01T09:00:00,94504000.0,94850000.0,94361000.0,94720000.0,1717286399795,58706044440.81196,620.25035104,94505000.0,215000.0,0.0022750119,0.22750119,0.5182225707654645
KRW-BTC,2024-06-02,2024-06-02T09:00:00,94762000.0,95626000.0,94500000.0,95000000.0,1717372799608,105872261448.48648,1113.85982666,94720000.0,280000.0,0.0029560811,0.29560811000000004,1.1915343915343914
KRW-BTC,2024-06-03,2024-06-03T09:00:00,95000000.0,97358000.0,94825000.0,95994000.0,1717459200007,267415381863.87976,2779.47684838,95000000.0,994000.0,0.0104631579,1.04631579,2.6712364882678616
KRW-BTC,2024-06-04,2024-06-04T09:00:00,95994000.0,97927000.0,95520000.0,97500000.0,1717545599684,261246188651.128,2699.30531296,95994000.0,1506000.0,0.0156884805,1.5688480500000002,2.519891122278057
KRW-BTC,2024-06-05,2024-06-05T09:00:00,97490000.0,98989000.0,97280000.0,98385000.0,1717631999984,266052740201.06943,2709.00469092,97500000.0,885000.0,0.0090769231,0.9076923100000001,1.7567845394736843
KRW-BTC,2024-06-06,2024-06-06T09:00:00,98385000.0,99400000.0,98009000.0,98334000.0,1717718399703,219522291452.61084,2226.53984487,98385000.0,-51000.0,-0.0005183717,0.05183717,1.4192574151353448
KRW-BTC,2024-06-07,2024-06-07T09:00:00,98320000.0,99650000.0,97219000.0,97919000.0,1717804799962,326990960605.8829,3319.13194888,98334000.0,-415000.0,-0.0042203104,0.42203103999999997,2.500540017897736
KRW-BTC,2024-06-08,2024-06-08T09:00:00,97919000.0,98278000.0,97750000.0,98125000.0,1717891199753,106163964517.00304,1083.63453147,97919000.0,206000.0,0.0021037797,0.21037797,0.540153452685422
KRW-BTC,2024-06-09,2024-06-09T09:00:00,98137000.0,98400000.0,97710000.0,97983000.0,1717977598205,88498186805.20483,903.04585461,98125000.0,-142000.0,-0.0014471338,0.14471338,0.7061713233036536
KRW-BTC,2024-06-10,2024-06-10T09:00:00,97983000.0,98031000.0,96980000.0,97276000.0,1718063999560,145257348150.08334,1491.30862127,97983000.0,-707000.0,-0.0072155374,0.72155374,1.0837286038358425
KRW-BTC,2024-06-11,2024-06-11T09:00:00,97279000.0,97350000.0,93821000.0,95329000.0,1718150399962,369758493289.9728,3889.452394,97276000.0,-1947000.0,-0.0200152144,2.00152144,3.7614180194199593
KRW-BTC,2024-06-12,2024-06-12T09:00:00,95329000.0,98204000.0,94502000.0,95934000.0,1718236799833,327467722850.80164,3395.53957526,95329000.0,605000.0,0.0063464423,0.63464423,3.917377410001905
KRW-BTC,2024-06-13,2024-06-13T09:00:00,95930000.0,96356000.0,94107000.0,94614000.0,1718323198776,205687345192.5129,2161.15981221,95934000.0,-1320000.0,-0.0137594596,1.37594596,2.389832849841138
KRW-BTC,2024-06-14,2024-06-14T09:00:00,94614000.0,95202000.0,93001000.0,93978000.0,1718409599843,210323777357.75565,2232.32985005,94614000.0,-636000.0,-0.0067220496,0.67220496,2.366641218911625
KRW-BTC,2024-06-15,2024-06-15T09:00:00,93979000.0,94268000.0,93546000.0,93910000.0,1718495999080,85103451469.52345,906.41818634,93978000.0,-68000.0,-0.0007235736,0.07235736,0.7718127979817416
KRW-BTC,2024-06-16,2024-06-16T09:00:00,93913000.0,94708000.0,93611000.0,94219000.0,1718582399626,79272815452.88979,841.90412208,93910000.0,309000.0,0.0032903844,0.32903844,1.1718708271463825
KRW-BTC,2024-06-17,2024-06-17T09:00:00,94219000.0,94442000.0,91559000.0,93588000.0,1718668799254,307092672708.7484,3306.85987741,94219000.0,-631000.0,-0.006697163,0.6697163,3.14878930525672
KRW-BTC,2024-06-18,2024-06-18T09:00:00,93589000.0,93699000.0,90638000.0,91649000.0,1718755199269,283289620632.5299,3084.47656922,93588000.0,-1939000.0,-0.0207184682,2.0718468199999998,3.377170723096273
KRW-BTC,2024-06-19,2024-06-19T09:00:00,91649000.0,92727000.0,91170000.0,91555000.0,1718841599783,157280746104.31015,1711.11748826,91649000.0,-94000.0,-0.0010256522,0.10256522,1.7077986179664364
KRW-BTC,2024-06-20,2024-06-20T09:00:00,91549000.0,93581000.0,91500000.0,91780000.0,1718927999808,183662665916.08588,1989.14998554,91555000.0,225000.0,0.0024575392,0.24575392,2.2743169398907104
KRW-BTC,2024-06-21,2024-06-21T09:00:00,91753000.0,92031000.0,89501000.0,90308000.0,1719014399571,245462226021.85236,2713.72122916,91780000.0,-1472000.0,-0.0160383526,1.6038352599999999,2.8267840582786783
KRW-BTC,2024-06-22,2024-06-22T09:00:00,90308000.0,91086000.0,90141000.0,90874000.0,1719100799528,58876597356.40121,648.51462524,90308000.0,566000.0,0.0062674403,0.62674403,1.048357573135421
KRW-BTC,2024-06-23,2024-06-23T09:00:00,90874000.0,91382000.0,89033000.0,89046000.0,1719187200026,97216083240.50478,1076.73789827,90874000.0,-1828000.0,-0.0201157647,2.01157647,2.6383475789875663
KRW-BTC,2024-06-24,2024-06-24T09:00:00,89100000.0,89441000.0,83101000.0,85496000.0,1719273598247,642782780185.859,7434.8292641,89046000.0,-3550000.0,-0.039867035,3.9867035000000004,7.629270405891626
KRW-BTC,2024-06-25,2024-06-25T09:00:00,85495000.0,87981000.0,85032000.0,87450000.0,1719359999685,290625255002.558,3359.06885104,85496000.0,1954000.0,0.0228548704,2.28548704,3.4681061247530343
KRW-BTC,2024-06-26,2024-06-26T09:00:00,87463000.0,88356000.0,85930000.0,86027000.0,1719446398135,170172602843.6051,1958.86652444,87450000.0,-1423000.0,-0.0162721555,1.62721555,2.823228209007332
KRW-BTC,2024-06-27,2024-06-27T09:00:00,86092000.0,87957000.0,85396000.0,86884000.0,1719532799615,162614405577.3093,1879.37091558,86027000.0,857000.0,0.0099619887,0.9961988700000001,2.998969506768467
KRW-BTC,2024-06-28,2024-06-28T09:00:00,86875000.0,87510000.0,84740000.0,85158000.0,1719619196169,181740242265.76205,2112.30766272,86884000.0,-1726000.0,-0.0198655679,1.9865567899999999,3.2688222799150344
KRW-BTC,2024-06-29,2024-06-29T09:00:00,85157000.0,86000000.0,85102000.0,85765000.0,1719705599106,64278180308.71439,750.29847644,85158000.0,607000.0,0.0071279269,0.71279269,1.0552043430236655
KRW-BTC,2024-06-30,2024-06-30T09:00:00,85765000.0,88490000.0,85370000.0,87920000.0,1719791999735,122284229060.17992,1407.83744184,85765000.0,2155000.0,0.0251268,2.51268,3.6546796298465503
KRW-BTC,2024-07-01,2024-07-01T09:00:00,87920000.0,89644000.0,87609000.0,88253000.0,1719878399413,187910215069.42743,2120.47778236,87920000.0,333000.0,0.0037875341,0.37875341,2.322820714766748
KRW-BTC,2024-07-02,2024-07-02T09:00:00,88259000.0,88847000.0,86987000.0,87248000.0,1719964799583,133974236157.29668,1525.13237149,88253000.0,-1005000.0,-0.0113877149,1.13877149,2.138250543184614
KRW-BTC,2024-07-03,2024-07-03T09:00:00,87270000.0,87623000.0,84508000.0,85331000.0,1720051199761,241696760888.49173,2823.97617467,87248000.0,-1917000.0,-0.0219718504,2.19718504,3.6860415581956736
KRW-BTC,2024-07-04,2024-07-04T09:00:00,85331000.0,85592000.0,81207000.0,81680000.0,1720137599950,508714299967.0383,6151.28764968,85331000.0,-3651000.0,-0.0427863262,4.27863262,5.399780807073282
KRW-BTC,2024-07-05,2024-07-05T09:00:00,81680000.0,82544000.0,77335000.0,81118000.0,1720223999389,771379661181.4397,9719.19667539,81680000.0,-562000.0,-0.0068805093,0.68805093,6.735630697614275
KRW-BTC,2024-07-06,2024-07-06T09:00:00,81118000.0,83202000.0,79938000.0,82826000.0,1720310399919,217020180860.6007,2664.49967064,81118000.0,1708000.0,0.021055746,2.1055746,4.083164452450649
KRW-BTC,2024-07-07,2024-07-07T09:00:00,82850000.0,82940000.0,79280000.0,79397000.0,1720396799814,205364943238.90503,2527.24731033,82826000.0,-3429000.0,-0.0414000435,4.14000435,4.6165489404641775
KRW-BTC,2024-07-08,2024-07-08T09:00:00,79397000.0,82700000.0,77880000.0,80534000.0,1720483199139,407495808244.1024,5094.76571434,79397000.0,1137000.0,0.0143204403,1.4320440300000001,6.1890087313816124
KRW-BTC,2024-07-09,2024-07-09T09:00:00,80499000.0,82300000.0,80000000.0,82043000.0,1720569599074,207188813320.79987,2547.62184575,80534000.0,1509000.0,0.0187374277,1.87374277,2.875
KRW-BTC,2024-07-10,2024-07-10T09:00:00,82043000.0,83825000.0,81096000.0,81896000.0,1720655999029,241533427852.042,2927.47972497,82043000.0,-147000.0,-0.0017917434,0.17917434000000002,3.365147479530433
KRW-BTC,2024-07-11,2024-07-11T09:00:00,81926000.0,83795000.0,81000000.0,81070000.0,1720742399863,240656104086.51352,2930.42730849,81896000.0,-826000.0,-0.0100859627,1.00859627,3.450617283950617
KRW-BTC,2024-07-12,2024-07-12T09:00:00,81070000.0,82309000.0,80085000.0,81540000.0,1720828795637,162370294145.94073,2003.05277025,81070000.0,470000.0,0.005797459,0.5797458999999999,2.7770493850284077
KRW-BTC,2024-07-13,2024-07-13T09:00:00,81548000.0,83700000.0,81300000.0,82901000.0,1720915200004,139900580321.58945,1698.9670231,81540000.0,1361000.0,0.0166911945,1.66911945,2.952029520295203
KRW-BTC,2024-07-14,2024-07-14T09:00:00,82901000.0,86000000.0,82860000.0,85430000.0,1721001599887,267061160893.3773,3162.56205447,82901000.0,2529000.0,0.0305062665,3.05062665,3.7895244991552017
KRW-BTC,2024-07-15,2024-07-15T09:00:00,85430000.0,91294000.0,85269000.0,91162000.0,1721088000042,449269971924.1909,5087.5047679,85430000.0,5732000.0,0.067095868,6.7095868,7.06587388148096
KRW-BTC,2024-07-16,2024-07-16T09:00:00,91162000.0,91544000.0,87300000.0,90807000.0,1721174399925,557878343297.2963,6229.90082082,91162000.0,-355000.0,-0.0038941664,0.38941664,4.861397479954181
KRW-BTC,2024-07-17,2024-07-17T09:00:00,90825000.0,92159000.0,89380000.0,89467000.0,1721260799748,335601755804.37213,3690.86942876,90807000.0,-1340000.0,-0.0147565716,1.4756571600000001,3.1091966882971582
KRW-BTC,2024-07-18,2024-07-18T09:00:00,89452000.0,91200000.0,89049000.0,89850000.0,1721347199593,231608554045.43936,2571.16592106,89467000.0,383000.0,0.004280908,0.4280908,2.415524037327764
KRW-BTC,2024-07-19,2024-07-19T09:00:00,89850000.0,94073000.0,88675000.0,93004000.0,1721433600006,385983610442.7926,4216.76104722,89850000.0,3154000.0,0.0351029494,3.51029494,6.0873978009585565
KRW-BTC,2024-07-20,2024-07-20T09:00:00,93004000.0,94624000.0,92736000.0,94065000.0,1721519999685,184106522945.3245,1966.82922042,93004000.0,1061000.0,0.0114081115,1.14081115,2.035886818495514
KRW-BTC,2024-07-21,2024-07-21T09:00:00,94073000.0,95299000.0,92413000.0,95000000.0,1721606399704,282511677391.88605,2999.30004219,94065000.0,935000.0,0.0099399352,0.99399352,3.122937249088332
KRW-BTC,2024-07-22,2024-07-22T09:00:00,95000000.0,95353000.0,93050000.0,94357000.0,1721692799943,270086053980.06497,2864.06872329,95000000.0,-643000.0,-0.0067684211,0.6768421099999999,2.4750134336378293
KRW-BTC,2024-07-23,2024-07-23T09:00:00,94284000.0,94748000.0,92000000.0,92230000.0,1721779199439,298055492452.224,3198.17266819,94357000.0,-2127000.0,-0.0225420478,2.25420478,2.9869565217391303
KRW-BTC,2024-07-24,2024-07-24T09:00:00,92196000.0,93494000.0,91051000.0,91501000.0,1721865599684,287757546664.5858,3120.28733945,92230000.0,-729000.0,-0.0079041527,0.79041527,2.6831116626945337
KRW-BTC,2024-07-25,2024-07-25T09:00:00,91501000.0,93138000.0,89202000.0,92465000.0,1721951999780,384022678969.55927,4242.34259951,91501000.0,964000.0,0.010535404,1.0535404,4.41245711979552
KRW-BTC,2024-07-26,2024-07-26T09:00:00,92475000.0,95000000.0,92286000.0,94727000.0,1722038399954,306215486613.3734,3254.87216648,92465000.0,2262000.0,0.0244633104,2.44633104,2.9408577682422035
KRW-BTC,2024-07-27,2024-07-27T09:00:00,94639000.0,96813000.0,93150000.0,94292000.0,1722124799795,467925032426.0242,4913.83842022,94727000.0,-435000.0,-0.0045921437,0.45921437,3.9323671497584543
KRW-BTC,2024-07-28,2024-07-28T09:00:00,94341000.0,95380000.0,93600000.0,95363000.0,1722211199753,194537737710.5952,2056.69856884,94292000.0,1071000.0,0.0113583337,1.13583337,1.9017094017094016
KRW-BTC,2024-07-29,2024-07-29T09:00:00,95363000.0,97100000.0,93203000.0,93618000.0,1722297600020,456579708586.5172,4778.70828116,95363000.0,-1745000.0,-0.0182985015,1.8298501500000002,4.181195884252653
KRW-BTC,2024-07-30,2024-07-30T09:00:00,93605000.0,93878000.0,91825000.0,92788000.0,1722383999270,262705366724.15692,2825.61883321,93618000.0,-830000.0,-0.0088658164,0.8865816400000001,2.235774571195208
KRW-BTC,2024-07-31,2024-07-31T09:00:00,92790000.0,93298000.0,90345000.0,90345000.0,1722470399543,284977850977.3531,3099.02844262,92788000.0,-2443000.0,-0.0263288356,2.63288356,3.2685815485084952
KRW-BTC,2024-08-01,2024-08-01T09:00:00,90346000.0,92300000.0,88001000.0,91789000.0,1722556799941,454095059912.4309,5048.04552891,90345000.0,1444000.0,0.0159831756,1.59831756,4.885171759411825
KRW-BTC,2024-08-02,2024-08-02T09:00:00,91789000.0,92200000.0,86377000.0,86691000.0,1722643199912,453754064161.6217,5089.66250349,91789000.0,-5098000.0,-0.0555404242,5.55404242,6.741377913101867
KRW-BTC,2024-08-03,2024-08-03T09:00:00,86691000.0,87690000.0,85000000.0,85957000.0,1722729596587,350471535778.3624,4059.37513687,86691000.0,-734000.0,-0.0084668535,0.84668535,3.164705882352941
KRW-BTC,2024-08-04,2024-08-04T09:00:00,85954000.0,86311000.0,81684000.0,81871000.0,1722815999013,380290142556.4757,4532.63397761,85957000.0,-4086000.0,-0.0475353956,4.75353956,5.664512021938201
KRW-BTC,2024-08-05,2024-08-05T09:00:00,81871000.0,82256000.0,72100000.0,77833000.0,1722902399788,1828233999514.335,23878.79267178,81871000.0,-4038000.0,-0.0493214936,4.93214936,14.085991678224689
KRW-BTC,2024-08-06,2024-08-06T09:00:00,77786000.0,82150000.0,77782000.0,80224000.0,1722988798411,630449026117.0752,7868.46700086,77833000.0,2391000.0,0.0307196176,3.0719617599999998,5.615695147977681
KRW-BTC,2024-08-07,2024-08-07T09:00:00,80166000.0,81950000.0,77782000.0,78388000.0,1723075198935,425826912725.8084,5316.47766092,80224000.0,-1836000.0,-0.0228859194,2.28859194,5.358566249260754
KRW-BTC,2024-08-08,2024-08-08T09:00:00,78386000.0,87980000.0,77941000.0,86397000.0,1723161600022,589875336679.084,7126.01269616,78388000.0,8009000.0,0.1021712507,10.21712507,12.880255577937158
KRW-BTC,2024-08-09,2024-08-09T09:00:00,86397000.0,86704000.0,84000000.0,85518000.0,1723247998906,332298406966.0832,3892.85974175,86397000.0,-879000.0,-0.0101739644,1.0173964400000002,3.219047619047619
KRW-BTC,2024-08-10,2024-08-10T09:00:00,85522000.0,86370000.0,84760000.0,85669000.0,1723334399959,127296971385.76044,1489.63387466,85518000.0,151000.0,0.0017657101,0.17657101,1.8994808872109483
KRW-BTC,2024-08-11,2024-08-11T09:00:00,85669000.0,86424000.0,82208000.0,82815000.0,1723420799993,225284918716.3791,2669.17265554,85669000.0,-2854000.0,-0.0333142677,3.3314267699999998,5.128454651615415
KRW-BTC,2024-08-12,2024-08-12T09:00:00,82816000.0,85000000.0,81000000.0,83221000.0,1723507199678,420485878758.05646,5072.09672139,82815000.0,406000.0,0.0049024935,0.49024935,4.938271604938271
KRW-BTC,2024-08-13,2024-08-13T09:00:00,83207000.0,85770000.0,82050000.0,84600000.0,1723593599898,250426145464.81427,2989.81215206,83221000.0,1379000.0,0.0165703368,1.6570336799999998,4.53382084095064
KRW-BTC,2024-08-14,2024-08-14T09:00:00,84587000.0,85950000.0,82218000.0,82457000.0,1723679999969,301026089757.4763,3583.12495297,84600000.0,-2143000.0,-0.0253309693,2.5330969299999997,4.539152010508648
KRW-BTC,2024-08-15,2024-08-15T09:00:00,82440000.0,83555000.0,79500000.0,81004000.0,1723766399941,325801942348.10706,3986.43185704,82457000.0,-1453000.0,-0.0176213057,1.7621305699999998,5.10062893081761
KRW-BTC,2024-08-16,2024-08-16T09:00:00,81044000.0,83400000.0,80296000.0,82209000.0,1723852799810,214699078822.8896,2629.8190762,81004000.0,1205000.0,0.0148758086,1.48758086,3.8656969213908536
KRW-BTC,2024-08-17,2024-08-17T09:00:00,82185000.0,83000000.0,82042000.0,82849000.0,1723939199874,73291253042.81598,887.07641461,82209000.0,640000.0,0.0077850357,0.77850357,1.1676945954511104
KRW-BTC,2024-08-18,2024-08-18T09:00:00,82821000.0,83679000.0,81500000.0,81500000.0,1724025599992,143255575447.1464,1727.83371254,82849000.0,-1349000.0,-0.0162826347,1.62826347,2.6736196319018406
KRW-BTC,2024-08-19,2024-08-19T09:00:00,81500000.0,81915000.0,80100000.0,81680000.0,1724111996527,214078811458.96536,2644.34129141,81500000.0,180000.0,0.002208589,0.2208589,2.2659176029962547
KRW-BTC,2024-08-20,2024-08-20T09:00:00,81678000.0,83400000.0,80501000.0,80751000.0,1724198399731,274100335212.1565,3339.76112482,81680000.0,-929000.0,-0.0113736533,1.13736533,3.601197500652166
KRW-BTC,2024-08-21,2024-08-21T09:00:00,80751000.0,83600000.0,80567000.0,82900000.0,1724284798747,235879234125.4242,2882.78548851,80751000.0,2149000.0,0.0266126735,2.66126735,3.764568619906413
KRW-BTC,2024-08-22,2024-08-22T09:00:00,82900000.0,83101000.0,81280000.0,82003000.0,1724371199477,176142420142.3459,2138.23568495,82900000.0,-897000.0,-0.0108202654,1.08202654,2.2404035433070866
KRW-BTC,2024-08-23,2024-08-23T09:00:00,82003000.0,86500000.0,82002000.0,85600000.0,1724457599919,376889529927.51227,4485.27203937,82003000.0,3597000.0,0.0438642489,4.38642489,5.485232067510548
KRW-BTC,2024-08-24,2024-08-24T09:00:00,85600000.0,86390000.0,85155000.0,85767000.0,1724543999956,189010265920.5016,2204.28031834,85600000.0,167000.0,0.0019509346,0.19509346,1.4502965181140273
KRW-BTC,2024-08-25,2024-08-25T09:00:00,85807000.0,86979000.0,85410000.0,86254000.0,1724630399906,145981547975.5474,1698.8163817,85767000.0,487000.0,0.0056781746,0.56781746,1.837021426062522
KRW-BTC,2024-08-26,2024-08-26T09:00:00,86227000.0,86529000.0,84408000.0,84408000.0,1724716799895,192748229997.8137,2260.53739932,86254000.0,-1846000.0,-0.021401906,2.1401906,2.512794995735001
KRW-BTC,2024-08-27,2024-08-27T09:00:00,84408000.0,84794000.0,80121000.0,80950000.0,1724803199864,335829079690.97577,4066.7490567,84408000.0,-3458000.0,-0.0409676808,4.09676808,5.8324284519664005
KRW-BTC,2024-08-28,2024-08-28T09:00:00,80947000.0,81895000.0,79550000.0,80569000.0,1724889599934,310686076764.39667,3848.30364196,80950000.0,-381000.0,-0.004706609,0.47066089999999994,2.9478315524827154
KRW-BTC,2024-08-29,2024-08-29T09:00:00,80618000.0,82700000.0,80151000.0,80790000.0,1724975998134,206219103448.4138,2539.08247784,80569000.0,221000.0,0.0027429905,0.27429905,3.1802472832528603
KRW-BTC,2024-08-30,2024-08-30T09:00:00,80745000.0,81250000.0,79225000.0,80439000.0,1725062399786,229386098042.93787,2858.21980495,80790000.0,-351000.0,-0.0043445971,0.43445971,2.556011360050489
KRW-BTC,2024-08-31,2024-08-31T09:00:00,80439000.0,80823000.0,80009000.0,80262000.0,1725148796306,67710249599.81931,841.99580262,80439000.0,-177000.0,-0.0022004252,0.22004252,1.0173855441262858
KRW-BTC,2024-09-01,2024-09-01T09:00:00,80300000.0,80370000.0,78300000.0,78301000.0,1725235199527,201464348305.40323,2541.94042215,80262000.0,-1961000.0,-0.0244324836,2.44324836,2.6436781609195403
KRW-BTC,2024-09-02,2024-09-02T09:00:00,78303000.0,80610000.0,78235000.0,80205000.0,1725321595971,174932522315.02856,2207.5986061,78301000.0,1904000.0,0.02431642,2.4316419999999996,3.0357256982169107
KRW-BTC,2024-09-03,2024-09-03T09:00:00,80247000.0,81101000.0,78250000.0,78272000.0,1725407999341,203978935020.43103,2562.51172354,80205000.0,-1933000.0,-0.0241007418,2.41007418,3.643450479233227
KRW-BTC,2024-09-04,2024-09-04T09:00:00,78270000.0,79300000.0,76248000.0,78739000.0,1725494399977,301711447734.27747,3895.41394663,78272000.0,467000.0,0.0059663737,0.5966373700000001,4.002727940404994
KRW-BTC,2024-09-05,2024-09-05T09:00:00,78739000.0,79131000.0,76000000.0,76330000.0,1725580799653,227922886561.5563,2957.70339093,78739000.0,-2409000.0,-0.0305947497,3.05947497,4.119736842105263
KRW-BTC,2024-09-06,2024-09-06T09:00:00,76330000.0,76860000.0,72200000.0,73644000.0,1725667197758,453955119507.9664,6081.77185166,76330000.0,-2686000.0,-0.0351893096,3.5189309600000005,6.454293628808864
KRW-BTC,2024-09-07,2024-09-07T09:00:00,73644000.0,74580000.0,73078000.0,73640000.0,1725753599801,132925505237.01608,1801.62027481,73644000.0,-4000.0,-5.43154e-05,0.0054315399999999995,2.0553381318591093
KRW-BTC,2024-09-08,2024-09-08T09:00:00,73640000.0,74880000.0,72992000.0,74437000.0,1725839999936,117599921455.3581,1592.04001829,73640000.0,797000.0,0.0108229223,1.08229223,2.58658483121438
KRW-BTC,2024-09-09,2024-09-09T09:00:00,74439000.0,78500000.0,74093000.0,77275000.0,1725926399715,235311917797.4669,3101.05486477,74437000.0,2838000.0,0.0381262007,3.8126200700000004,5.947930303807377
KRW-BTC,2024-09-10,2024-09-10T09:00:00,77274000.0,78485000.0,76432000.0,78089000.0,1726012799904,169362601828.1939,2189.56080713,77275000.0,814000.0,0.0105338078,1.05338078,2.686047728700021
KRW-BTC,2024-09-11,2024-09-11T09:00:00,78091000.0,78200000.0,75380000.0,77301000.0,1726099199578,234573394617.97583,3055.31403806,78089000.0,-788000.0,-0.01009105,1.0091050000000001,3.7410453701247017
KRW-BTC,2024-09-12,2024-09-12T09:00:00,77363000.0,78830000.0,77300000.0,78269000.0,1726185597905,196214298456.70428,2510.01259415,77301000.0,968000.0,0.0125224771,1.25224771,1.9793014230271668
KRW-BTC,2024-09-13,2024-09-13T09:00:00,78269000.0,81100000.0,77700000.0,80930000.0,1726271999013,225703375433.60367,2847.08604999,78269000.0,2661000.0,0.0339981346,3.39981346,4.375804375804376
KRW-BTC,2024-09-14,2024-09-14T09:00:00,80930000.0,81174000.0,80040000.0,80524000.0,1726358392716,106802968052.03972,1324.44479737,80930000.0,-406000.0,-0.0050166811,0.50166811,1.416791604197901
KRW-BTC,2024-09-15,2024-09-15T09:00:00,80524000.0,81009000.0,79090000.0,79690000.0,1726444799307,103959710509.01263,1293.20254846,80524000.0,-834000.0,-0.0103571606,1.03571606,2.426349728157795
KRW-BTC,2024-09-16,2024-09-16T09:00:00,79691000.0,79860000.0,77740000.0,78469000.0,1726531199933,190805166243.93903,2425.49996851,79690000.0,-1221000.0,-0.0153218723,1.5321872300000001,2.727038847440185
KRW-BTC,2024-09-17,2024-09-17T09:00:00,78468000.0,82364000.0,77774000.0,81116000.0,1726617599884,246315657168.2539,3063.50091322,78469000.0,2647000.0,0.0337330666,3.37330666,5.901715226168128
KRW-BTC,2024-09-18,2024-09-18T09:00:00,81116000.0,82618000.0,80008000.0,82604000.0,1726703999962,272656090815.34293,3362.15013751,81116000.0,1488000.0,0.0183440998,1.83440998,3.262173782621738
KRW-BTC,2024-09-19,2024-09-19T09:00:00,82602000.0,85000000.0,82286000.0,83892000.0,1726790400001,380397446780.8218,4549.0273458,82604000.0,1288000.0,0.0155924653,1.55924653,3.298252436623484
KRW-BTC,2024-09-20,2024-09-20T09:00:00,83891000.0,85478000.0,83377000.0,84385000.0,1726876798614,275217777612.6938,3257.11829911,83892000.0,493000.0,0.0058766033,0.58766033,2.5198795830984566
KRW-BTC,2024-09-21,2024-09-21T09:00:00,84384000.0,84750000.0,84000000.0,84425000.0,1726963199940,89952936852.66151,1066.57067251,84385000.0,40000.0,0.0004740179,0.04740179,0.8928571428571429
KRW-BTC,2024-09-22,2024-09-22T09:00:00,84429000.0,85500000.0,83401000.0,84829000.0,1727049599906,157468215075.89536,1869.26119943,84425000.0,404000.0,0.0047853124,0.47853124,2.516756393808228
KRW-BTC,2024-09-23,2024-09-23T09:00:00,84838000.0,86250000.0,83832000.0,84631000.0,1727135999474,226181555032.54324,2655.34388664,84829000.0,-198000.0,-0.0023341074,0.23341073999999998,2.8843401087890066
KRW-BTC,2024-09-24,2024-09-24T09:00:00,84630000.0,85750000.0,84009000.0,85248000.0,1727222397521,169441365824.40887,1998.91561289,84631000.0,617000.0,0.0072904728,0.7290472800000001,2.072397005082789
KRW-BTC,2024-09-25,2024-09-25T09:00:00,85248000.0,85950000.0,84220000.0,84362000.0,1727308799981,154899364722.59076,1821.46293118,85248000.0,-886000.0,-0.0103932057,1.0393205699999999,2.054143908810259
KRW-BTC,2024-09-26,2024-09-26T09:00:00,84362000.0,86602000.0,83800000.0,86000000.0,1727395198384,244700921914.2255,2865.16236011,84362000.0,1638000.0,0.0194163249,1.94163249,3.343675417661098
KRW-BTC,2024-09-27,2024-09-27T09:00:00,85948000.0,87410000.0,85877000.0,86958000.0,1727481600019,213547052709.952,2462.85215474,86000000.0,958000.0,0.0111395349,1.1139534899999999,1.7851112637842497
KRW-BTC,2024-09-28,2024-09-28T09:00:00,86958000.0,87250000.0,86003000.0,86732000.0,1727567999343,128540643136.82378,1483.00508773,86958000.0,-226000.0,-0.0025989558,0.25989557999999996,1.4499494203690568
KRW-BTC,2024-09-29,2024-09-29T09:00:00,86731000.0,86891000.0,85800000.0,85958000.0,1727654398062,102657137024.75742,1188.41412224,86732000.0,-774000.0,-0.0089240419,0.89240419,1.2715617715617715
KRW-BTC,2024-09-30,2024-09-30T09:00:00,85958000.0,85958000.0,83061000.0,83730000.0,1727740799960,263683386847.1853,3131.32274904,85958000.0,-2228000.0,-0.0259196352,2.5919635199999997,3.487798124270115
KRW-BTC,2024-10-01,2024-10-01T09:00:00,83730000.0,84884000.0,80844000.0,81500000.0,1727827199471,336112162482.81934,4057.42297213,83730000.0,-2230000.0,-0.0266332258,2.66332258,4.9972787096135765
KRW-BTC,2024-10-02,2024-10-02T09:00:00,81500000.0,83300000.0,80940000.0,81707000.0,1727913599766,236838955693.58624,2890.80470844,81500000.0,207000.0,0.0025398773,0.25398772999999997,2.915740054361255
KRW-BTC,2024-10-03,2024-10-03T09:00:00,81707000.0,82700000.0,81302000.0,82424000.0,1727999995191,149578179974.47787,1821.57540109,81707000.0,717000.0,0.0087752579,0.87752579,1.719514895082532
KRW-BTC,2024-10-04,2024-10-04T09:00:00,82401000.0,84300000.0,82038000.0,83805000.0,1728086399863,181091795326.97305,2177.10847718,82424000.0,1381000.0,0.0167548287,1.6754828699999997,2.757258831273312
KRW-BTC,2024-10-05,2024-10-05T09:00:00,83804000.0,84190000.0,83511000.0,83956000.0,1728172799853,65173151136.41679,776.76532606,83805000.0,151000.0,0.0018018018,0.18018018,0.8130665421321742
KRW-BTC,2024-10-06,2024-10-06T09:00:00,83997000.0,84710000.0,83600000.0,84533000.0,1728259199785,83382761433.05855,990.98870219,83956000.0,577000.0,0.0068726476,0.68726476,1.3277511961722488
KRW-BTC,2024-10-07,2024-10-07T09:00:00,84436000.0,86301000.0,83884000.0,83942000.0,1728345599736,237451217198.9837,2788.21491807,84533000.0,-591000.0,-0.0069913525,0.69913525,2.881359973296457
KRW-BTC,2024-10-08,2024-10-08T09:00:00,83942000.0,85270000.0,83848000.0,84139000.0,1728431999838,121453629364.64726,1438.91380709,83942000.0,197000.0,0.0023468585,0.23468585,1.6959259612632382
KRW-BTC,2024-10-09,2024-10-09T09:00:00,84139000.0,84500000.0,82187000.0,82385000.0,1728518399052,135554834915.6776,1623.29835868,84139000.0,-1754000.0,-0.0208464565,2.0846456499999997,2.8143136992468394
KRW-BTC,2024-10-10,2024-10-10T09:00:00,82383000.0,83127000.0,80635000.0,82131000.0,1728604799134,185681130897.78085,2261.63071429,82385000.0,-254000.0,-0.0030830855,0.30830855,3.090469399144292
KRW-BTC,2024-10-11,2024-10-11T09:00:00,82131000.0,85474000.0,81749000.0,84451000.0,1728691199676,191651388216.23724,2292.25174675,82131000.0,2320000.0,0.0282475557,2.8247555699999998,4.556630662148772
KRW-BTC,2024-10-12,2024-10-12T09:00:00,84450000.0,85250000.0,84330000.0,84956000.0,1728777600020,104865794502.29796,1236.13303613,84451000.0,505000.0,0.0059797989,0.59797989,1.0909522115498635
KRW-BTC,2024-10-13,2024-10-13T09:00:00,84997000.0,85181000.0,83890000.0,84806000.0,1728863997454,85233068272.26575,1007.64328314,84956000.0,-150000.0,-0.0017656199,0.17656199,1.5389200143044464
KRW-BTC,2024-10-14,2024-10-14T09:00:00,84782000.0,88963000.0,84300000.0,88640000.0,1728950399669,392356925183.8489,4502.93766545,84806000.0,3834000.0,0.0452090654,4.5209065399999995,5.531435349940688
KRW-BTC,2024-10-15,2024-10-15T09:00:00,88640000.0,91531000.0,87510000.0,90600000.0,1729036799933,475365534131.7573,5320.08065393,88640000.0,1960000.0,0.0221119134,2.21119134,4.594903439606902
KRW-BTC,2024-10-16,2024-10-16T09:00:00,90518000.0,92350000.0,90194000.0,91610000.0,1729123200004,300845392783.4781,3290.95467218,90600000.0,1010000.0,0.0111479029,1.11479029,2.390402909284431
KRW-BTC,2024-10-17,2024-10-17T09:00:00,91610000.0,92000000.0,91150000.0,91725000.0,1729209599780,198466118818.0868,2166.90172052,91610000.0,115000.0,0.0012553215,0.12553215,0.9325287986834888
KRW-BTC,2024-10-18,2024-10-18T09:00:00,91758000.0,93697000.0,91510000.0,93330000.0,1729295999862,250778556476.78452,2703.40345601,91725000.0,1605000.0,0.0174979558,1.74979558,2.389902742869632
KRW-BTC,2024-10-19,2024-10-19T09:00:00,93358000.0,93593000.0,92769000.0,93322000.0,1729382396946,112257624816.85332,1204.1436611,93330000.0,-8000.0,-8.57173e-05,0.00857173,0.88822774849357
KRW-BTC,2024-10-20,2024-10-20T09:00:00,93322000.0,94299000.0,92956000.0,93901000.0,1729468799981,165259971452.53424,1766.03106746,93322000.0,579000.0,0.0062043248,0.62043248,1.4447695683979518
KRW-BTC,2024-10-21,2024-10-21T09:00:00,93901000.0,94456000.0,91459000.0,92161000.0,1729555198933,324857725696.1088,3492.66954786,93901000.0,-1740000.0,-0.0185301541,1.8530154100000003,3.2768781639860483
KRW-BTC,2024-10-22,2024-10-22T09:00:00,92161000.0,93380000.0,91090000.0,92877000.0,1729641599647,220756238977.9149,2390.90338556,92161000.0,716000.0,0.0077690129,0.7769012900000001,2.5139971456800967
KRW-BTC,2024-10-23,2024-10-23T09:00:00,92877000.0,93000000.0,90860000.0,92375000.0,1729727999955,199665847457.3109,2169.77076181,92877000.0,-502000.0,-0.005404998,0.5404998,2.35527184679727
KRW-BTC,2024-10-24,2024-10-24T09:00:00,92375000.0,94699000.0,92080000.0,94077000.0,1729814399939,230528066716.63248,2468.54308221,92375000.0,1702000.0,0.0184248985,1.8424898499999998,2.844265855777585
KRW-BTC,2024-10-25,2024-10-25T09:00:00,94077000.0,95143000.0,92432000.0,93762000.0,1729900799779,324322657135.6851,3453.26947882,94077000.0,-315000.0,-0.0033483211,0.33483211,2.932966937857019
KRW-BTC,2024-10-26,2024-10-26T09:00:00,93762000.0,94298000.0,93297000.0,93993000.0,1729987199985,110975712520.31712,1181.9583116,93762000.0,231000.0,0.0024636846,0.24636846,1.0729176715221282
KRW-BTC,2024-10-27,2024-10-27T09:00:00,93993000.0,95120000.0,93900000.0,94819000.0,1730073599744,133501091993.42345,1412.77364621,93993000.0,826000.0,0.0087878885,0.8787888500000001,1.2992545260915869
KRW-BTC,2024-10-28,2024-10-28T09:00:00,94824000.0,97714000.0,94520000.0,97401000.0,1730159999954,330946884900.9437,3447.08968512,94819000.0,2582000.0,0.0272308293,2.72308293,3.37917900973339
KRW-BTC,2024-10-29,2024-10-29T09:00:00,97401000.0,102158000.0,97200000.0,101305000.0,1730246399463,567661752603.4331,5694.58179714,97401000.0,3904000.0,0.040081724,4.0081724,5.100823045267489
KRW-BTC,2024-10-30,2024-10-30T09:00:00,101300000.0,101305000.0,99135000.0,100571000.0,1730332798765,344734758766.32104,3437.3159675,101305000.0,-734000.0,-0.0072454469,0.72454469,2.18893428153528
KRW-BTC,2024-10-31,2024-10-31T09:00:00,100571000.0,100893000.0,97300000.0,98112000.0,1730419199946,364198594030.4766,3670.22663296,100571000.0,-2459000.0,-0.0244503883,2.44503883,3.692702980472765
KRW-BTC,2024-11-01,2024-11-01T09:00:00,98112000.0,99758000.0,95520000.0,97285000.0,1730505594592,472387488519.2129,4850.88260337,98112000.0,-827000.0,-0.0084291422,0.8429142199999999,4.436767169179229
KRW-BTC,2024-11-02,2024-11-02T09:00:00,97331000.0,97999000.0,96825000.0,97205000.0,1730591999175,138251166859.1501,1419.21063313,97285000.0,-80000.0,-0.0008223262,0.08223262,1.2124967725277562
KRW-BTC,2024-11-03,2024-11-03T09:00:00,97205000.0,97232000.0,93905000.0,95883000.0,1730678398414,416376735248.19946,4358.15713691,97205000.0,-1322000.0,-0.0136001235,1.36001235,3.5429423353389065
KRW-BTC,2024-11-04,2024-11-04T09:00:00,95987000.0,96803000.0,93083000.0,94289000.0,1730764799248,337921974474.5364,3556.89181882,95883000.0,-1594000.0,-0.0166244277,1.66244277,3.996433290719036
KRW-BTC,2024-11-05,2024-11-05T09:00:00,94289000.0,98074000.0,93958000.0,96170000.0,1730851199990,460604127860.6611,4785.81750822,94289000.0,1881000.0,0.0199493048,1.99493048,4.380680729687733
KRW-BTC,2024-11-06,2024-11-06T09:00:00,96196000.0,104395000.0,96104000.0,104085000.0,1730937600047,1745207534538.4504,17173.68278488,96170000.0,7915000.0,0.0823021732,8.23021732,8.627112295013735
KRW-BTC,2024-11-07,2024-11-07T09:00:00,104085000.0,104999000.0,102290000.0,104115000.0,1731023999859,572085674515.601,5517.18974843,104085000.0,30000.0,0.000288226,0.0288226,2.648352722651285
KRW-BTC,2024-11-08,2024-11-08T09:00:00,104177000.0,107591000.0,104109000.0,106843000.0,1731110399827,539366060581.3163,5104.85574163,104115000.0,2728000.0,0.0262017961,2.62017961,3.3445715548127444
KRW-BTC,2024-11-09,2024-11-09T09:00:00,106845000.0,106990000.0,105873000.0,106294000.0,1731196799441,287678813640.0703,2702.45288762,106843000.0,-549000.0,-0.0051383806,0.51383806,1.055037639435928
KRW-BTC,2024-11-10,2024-11-10T09:00:00,106294000.0,112470000.0,106050000.0,111440000.0,1731283200020,889548072877.27,8111.0365608,106294000.0,5146000.0,0.0484128925,4.84128925,6.053748231966054
KRW-BTC,2024-11-11,2024-11-11T09:00:00,111440000.0,125073000.0,111273000.0,124503000.0,1731369599856,1413170980237.129,12056.83132426,111440000.0,13063000.0,0.1172200287,11.72200287,12.40193038742552
KRW-BTC,2024-11-12,2024-11-12T09:00:00,124476000.0,128010000.0,118864000.0,124967000.0,1731455999900,2115375980647.706,17037.75956278,124503000.0,464000.0,0.0037268178,0.37268178,7.694508009153318
KRW-BTC,2024-11-13,2024-11-13T09:00:00,124951000.0,131041000.0,122771000.0,128111000.0,1731542399999,1421545614830.135,11214.08048901,124967000.0,3144000.0,0.0251586419,2.5158641900000003,6.736118464458219
KRW-BTC,2024-11-14,2024-11-14T09:00:00,128111000.0,130500000.0,121674000.0,123572000.0,1731628799859,1165804427242.5054,9173.07983888,128111000.0,-4539000.0,-0.0354302129,3.54302129,7.25380935943587
KRW-BTC,2024-11-15,2024-11-15T09:00:00,123543000.0,128950000.0,123370000.0,128236000.0,1731715199942,750816994986.7344,5943.50915703,123572000.0,4664000.0,0.0377431781,3.7743178099999994,4.522979654697252
KRW-BTC,2024-11-16,2024-11-16T09:00:00,128128000.0,129103000.0,126090000.0,127071000.0,1731801600029,499883409180.5182,3914.09648698,128236000.0,-1165000.0,-0.0090848124,0.90848124,2.389563010548021
KRW-BTC,2024-11-17,2024-11-17T09:00:00,127130000.0,128000000.0,125252000.0,126472000.0,1731888000024,421512902761.08,3321.82583352,127071000.0,-599000.0,-0.0047139001,0.47139000999999997,2.1939769424839524
KRW-BTC,2024-11-18,2024-11-18T09:00:00,126469000.0,128895000.0,126133000.0,127142000.0,1731974400007,660914839727.5431,5182.38906938,126472000.0,670000.0,0.0052976153,0.52976153,2.1897520870826828
KRW-BTC,2024-11-19,2024-11-19T09:00:00,127142000.0,130998000.0,127050000.0,129720000.0,1732060800030,649348478627.2478,5034.84094069,127142000.0,2578000.0,0.0202765412,2.0276541200000002,3.107438016528925
KRW-BTC,2024-11-20,2024-11-20T09:00:00,129711000.0,133328000.0,128448000.0,133180000.0,1732147199594,778377471488.7765,5931.35430049,129720000.0,3460000.0,0.0266728338,2.66728338,3.799202790234181
KRW-BTC,2024-11-21,2024-11-21T09:00:00,133180000.0,138707000.0,133001000.0,137050000.0,1732233600034,1413215255697.4194,10359.96751008,133180000.0,3870000.0,0.0290584172,2.9058417199999997,4.290193306817242
KRW-BTC,2024-11-22,2024-11-22T09:00:00,137050000.0,138770000.0,129500000.0,136879000.0,1732319999971,1212497778066.893,8879.19477738,137050000.0,-171000.0,-0.0012477198,0.12477198,7.158301158301159
KRW-BTC,2024-11-23,2024-11-23T09:00:00,136879000.0,137178000.0,134195000.0,136000000.0,1732406399883,649192517920.03,4775.60238543,136879000.0,-879000.0,-0.0064217301,0.64217301,2.222884608219382
KRW-BTC,2024-11-24,2024-11-24T09:00:00,136000000.0,137000000.0,131501000.0,136096000.0,1732492799843,856406820436.9347,6366.61145855,136000000.0,96000.0,0.0007058824,0.07058824000000001,4.181717249298484
KRW-BTC,2024-11-25,2024-11-25T09:00:00,136110000.0,136169000.0,129688000.0,129791000.0,1732579200004,712473615692.348,5347.73938417,136096000.0,-6305000.0,-0.0463275923,4.63275923,4.997378323360681
KRW-BTC,2024-11-26,2024-11-26T09:00:00,129791000.0,132579000.0,127416000.0,128783000.0,1732665599361,915544005066.4464,7063.28251032,129791000.0,-1008000.0,-0.007766332,0.7766332,4.0520813712563575
KRW-BTC,2024-11-27,2024-11-27T09:00:00,128800000.0,134300000.0,127900000.0,132999000.0,1732751999389,572062774905.5735,4363.00829391,128783000.0,4216000.0,0.0327372402,3.2737240200000004,5.003909304143862
KRW-BTC,2024-11-28,2024-11-28T09:00:00,132999000.0,134577000.0,131438000.0,133138000.0,1732838399971,391492800868.5813,2941.11026977,132999000.0,139000.0,0.0010451206,0.10451206,2.388198237952494
KRW-BTC,2024-11-29,2024-11-29T09:00:00,133144000.0,136274000.0,132850000.0,134542000.0,1732924799573,465090047941.2612,3455.81025362,133138000.0,1404000.0,0.0105454491,1.05454491,2.577342867896124
KRW-BTC,2024-11-30,2024-11-30T09:00:00,134542000.0,134809000.0,133600000.0,133701000.0,1733011199713,318361460355.6218,2374.86697435,134542000.0,-841000.0,-0.0062508362,0.6250836200000001,0.9049401197604792
KRW-BTC,2024-12-01,2024-12-01T09:00:00,133722000.0,135199000.0,133297000.0,133802000.0,1733097599734,380928725281.3921,2835.14649803,133701000.0,101000.0,0.0007554169,0.07554169,1.4268888272054134
KRW-BTC,2024-12-02,2024-12-02T09:00:00,133802000.0,135800000.0,132260000.0,133535000.0,1733183999993,718060616005.2106,5356.7748251,133802000.0,-267000.0,-0.0019954859,0.19954858999999997,2.676546196884924
KRW-BTC,2024-12-03,2024-12-03T09:00:00,133523000.0,134680000.0,88266000.0,133700000.0,1733270399967,2304644374164.456,18097.08425608,133535000.0,165000.0,0.0012356311,0.12356311,52.58423401989441
KRW-BTC,2024-12-04,2024-12-04T09:00:00,133720000.0,139920000.0,133499000.0,138760000.0,1733356800018,948860236172.9866,6969.87081198,133700000.0,5060000.0,0.0378459237,3.78459237,4.80977385598394
KRW-BTC,2024-12-05,2024-12-05T09:00:00,138765000.0,146100000.0,134000000.0,137501000.0,1733443200001,1924495041794.7664,13579.28987411,138760000.0,-1259000.0,-0.0090732199,0.90732199,9.029850746268655
KRW-BTC,2024-12-06,2024-12-06T09:00:00,137501000.0,141502000.0,136000000.0,139340000.0,1733529599985,854124438187.2275,6179.75810181,137501000.0,1839000.0,0.0133744482,1.33744482,4.045588235294118
KRW-BTC,2024-12-07,2024-12-07T09:00:00,139402000.0,140411000.0,137698000.0,138960000.0,1733615999694,367591447543.7199,2646.58094433,139340000.0,-380000.0,-0.0027271422,0.27271422,1.9702537436999807
KRW-BTC,2024-12-08,2024-12-08T09:00:00,138970000.0,141400000.0,138620000.0,141005000.0,1733702399769,359805956088.11163,2575.9253391,138960000.0,2045000.0,0.0147164652,1.4716465200000002,2.005482614341365
KRW-BTC,2024-12-09,2024-12-09T09:00:00,141056000.0,141399000.0,135900000.0,138864000.0,1733788799730,865791701454.2142,6238.33236659,141005000.0,-2141000.0,-0.0151838587,1.5183858700000001,4.046357615894039
KRW-BTC,2024-12-10,2024-12-10T09:00:00,138934000.0,140000000.0,135490000.0,138205000.0,1733875199696,789776192066.2788,5715.11068532,138864000.0,-659000.0,-0.0047456504,0.47456504,3.328658941619308
KRW-BTC,2024-12-11,2024-12-11T09:00:00,138205000.0,144276000.0,136500000.0,143111000.0,1733961599962,813102473508.0792,5786.50262004,138205000.0,4906000.0,0.0354979921,3.54979921,5.696703296703297
KRW-BTC,2024-12-12,2024-12-12T09:00:00,143111000.0,145000000.0,142000000.0,142757000.0,1734047999763,589232066932.0105,4109.65334521,143111000.0,-354000.0,-0.0024736044,0.24736044000000001,2.112676056338028
KRW-BTC,2024-12-13,2024-12-13T09:00:00,142780000.0,144865000.0,142001000.0,144402000.0,1734134399564,361979534829.5213,2524.28189889,142757000.0,1645000.0,0.0115230777,1.15230777,2.016887205019683
KRW-BTC,2024-12-14,2024-12-14T09:00:00,144432000.0,146051000.0,143973000.0,145927000.0,1734220799329,464300625877.87177,3195.75670317,144402000.0,1525000.0,0.0105607956,1.0560795600000001,1.4433261792141583
KRW-BTC,2024-12-15,2024-12-15T09:00:00,145927000.0,150000000.0,145684000.0,149243000.0,1734307199985,691840989089.0537,4680.01328552,145927000.0,3316000.0,0.0227236906,2.27236906,2.962576535515225
KRW-BTC,2024-12-16,2024-12-16T09:00:00,149243000.0,154924000.0,149016000.0,153403000.0,1734393600028,1082807876503.8628,7128.61771091,149243000.0,4160000.0,0.0278740041,2.78740041,3.96467493423525
KRW-BTC,2024-12-17,2024-12-17T09:00:00,153403000.0,157198000.0,152885000.0,155223000.0,1734479999982,958745671966.822,6186.2803434,153403000.0,1820000.0,0.0118641748,1.18641748,2.8210746639631097
KRW-BTC,2024-12-18,2024-12-18T09:00:00,155222000.0,155949000.0,147189000.0,147754000.0,1734566399998,1309628152098.7222,8610.82270357,155223000.0,-7469000.0,-0.0481178691,4.81178691,5.951531704135499
KRW-BTC,2024-12-19,2024-12-19T09:00:00,147753000.0,153299000.0,145000000.0,147474000.0,1734652799993,1266525021155.8596,8471.89272515,147754000.0,-280000.0,-0.0018950418,0.18950418,5.723448275862069
KRW-BTC,2024-12-20,2024-12-20T09:00:00,147474000.0,148460000.0,139800000.0,148138000.0,1734739199969,1670193715564.6172,11567.34620544,147474000.0,664000.0,0.0045024886,0.45024886,6.194563662374821
KRW-BTC,2024-12-21,2024-12-21T09:00:00,148138000.0,149700000.0,145249000.0,147830000.0,1734825599886,548294648910.75867,3714.24805316,148138000.0,-308000.0,-0.0020791424,0.20791424,3.064392870174665
KRW-BTC,2024-12-22,2024-12-22T09:00:00,147836000.0,147950000.0,143850000.0,144800000.0,1734911999828,379824698691.6058,2605.0749353,147830000.0,-3030000.0,-0.0204965163,2.04965163,2.850191171359054
KRW-BTC,2024-12-23,2024-12-23T09:00:00,144802000.0,146200000.0,140487000.0,142901000.0,1734998399512,703151196031.0725,4913.29053371,144800000.0,-1899000.0,-0.0131146409,1.31146409,4.066568436937225
KRW-BTC,2024-12-24,2024-12-24T09:00:00,142901000.0,148148000.0,141000000.0,146831000.0,1735084799762,626598586872.3685,4333.3309919,142901000.0,3930000.0,0.027501557,2.7501557,5.069503546099291
KRW-BTC,2024-12-25,2024-12-25T09:00:00,146832000.0,148566000.0,145395000.0,148081000.0,1735171199616,428212289354.5488,2911.45446585,146831000.0,1250000.0,0.0085131886,0.8513188600000001,2.1809553285876406
KRW-BTC,2024-12-26,2024-12-26T09:00:00,148216000.0,149000000.0,143175000.0,144076000.0,1735257600013,499177709089.0282,3432.78442974,148081000.0,-4005000.0,-0.0270460086,2.70460086,4.068447703858914
KRW-BTC,2024-12-27,2024-12-27T09:00:00,144016000.0,146117000.0,141466000.0,142111000.0,1735343999444,464668960489.2536,3231.26328398,144076000.0,-1965000.0,-0.0136386352,1.36386352,3.287715776228917
KRW-BTC,2024-12-28,2024-12-28T09:00:00,142107000.0,143000000.0,141487000.0,142302000.0,1735430399613,186348569009.08533,1311.56387337,142111000.0,191000.0,0.0013440198,0.13440198,1.0693561952688233
KRW-BTC,2024-12-29,2024-12-29T09:00:00,142306000.0,142380000.0,138600000.0,139735000.0,1735516799943,306515266961.3944,2180.40637674,142302000.0,-2567000.0,-0.0180390999,1.8039099900000002,2.727272727272727
KRW-BTC,2024-12-30,2024-12-30T09:00:00,139831000.0,140680000.0,135971000.0,137892000.0,1735603199382,520848698110.80096,3767.66978148,139735000.0,-1843000.0,-0.0131892511,1.3189251100000001,3.46323848467688
KRW-BTC,2024-12-31,2024-12-31T09:00:00,137865000.0,143483000.0,136032000.0,139257000.0,1735689599609,518936721897.5508,3707.45981864,137892000.0,1365000.0,0.0098990514,0.9899051400000001,5.477387673488591
